-- phpMyAdmin SQL Dump
-- version 3.4.5
-- http://www.phpmyadmin.net
--
-- Host: localhost
-- Generation Time: Sep 25, 2013 at 05:31 AM
-- Server version: 5.5.16
-- PHP Version: 5.3.8

SET SQL_MODE="NO_AUTO_VALUE_ON_ZERO";
SET time_zone = "+00:00";


/*!40101 SET @OLD_CHARACTER_SET_CLIENT=@@CHARACTER_SET_CLIENT */;
/*!40101 SET @OLD_CHARACTER_SET_RESULTS=@@CHARACTER_SET_RESULTS */;
/*!40101 SET @OLD_COLLATION_CONNECTION=@@COLLATION_CONNECTION */;
/*!40101 SET NAMES utf8 */;

--
-- Database: `sched3`
--

-- --------------------------------------------------------

--
-- Table structure for table `controllerrole`
--

DROP TABLE IF EXISTS `controllerrole`;
CREATE TABLE IF NOT EXISTS `controllerrole` (
  `id` mediumint(9) NOT NULL AUTO_INCREMENT,
  `controllerName` varchar(50) NOT NULL,
  `roleId` smallint(6) NOT NULL,
  PRIMARY KEY (`id`)
) ENGINE=MyISAM  DEFAULT CHARSET=utf8 AUTO_INCREMENT=2 ;

--
-- Dumping data for table `controllerrole`
--

INSERT INTO `controllerrole` (`id`, `controllerName`, `roleId`) VALUES
(1, 'testSuperController', 3);

-- --------------------------------------------------------

--
-- Table structure for table `group`
--

DROP TABLE IF EXISTS `group`;
CREATE TABLE IF NOT EXISTS `group` (
  `id` int(11) NOT NULL AUTO_INCREMENT,
  `name` varchar(200) NOT NULL,
  `supervisorId` int(11) NOT NULL,
  PRIMARY KEY (`id`)
) ENGINE=MyISAM  DEFAULT CHARSET=utf8 AUTO_INCREMENT=3 ;

--
-- Dumping data for table `group`
--

INSERT INTO `group` (`id`, `name`, `supervisorId`) VALUES
(1, 'Test Group', 7),
(2, 'Cowbells Only', 7);

-- --------------------------------------------------------

--
-- Table structure for table `hour`
--

DROP TABLE IF EXISTS `hour`;
CREATE TABLE IF NOT EXISTS `hour` (
  `id` int(11) NOT NULL AUTO_INCREMENT,
  `userId` mediumint(9) NOT NULL,
  `sessionId` mediumint(9) NOT NULL,
  `time` varchar(64) NOT NULL,
  `date` varchar(64) DEFAULT NULL,
  `day` varchar(12) DEFAULT NULL,
  `isScheduled` tinyint(1) NOT NULL,
  `isException` tinyint(1) NOT NULL DEFAULT '0',
  PRIMARY KEY (`id`)
) ENGINE=MyISAM  DEFAULT CHARSET=utf8 AUTO_INCREMENT=422 ;

--
-- Dumping data for table `hour`
--

INSERT INTO `hour` (`id`, `userId`, `sessionId`, `time`, `date`, `day`, `isScheduled`, `isException`) VALUES
(1, 0, 1, '800', NULL, 'sa', 1, 0),
(2, 0, 1, '900', NULL, 'sa', 1, 0),
(3, 0, 1, '1500', NULL, 'sa', 1, 0),
(4, 0, 1, '1600', NULL, 'sa', 1, 0),
(5, 0, 1, '800', NULL, 'su', 1, 0),
(6, 0, 1, '900', NULL, 'su', 1, 0),
(7, 0, 1, '1500', NULL, 'su', 1, 0),
(8, 0, 1, '1600', NULL, 'su', 1, 0),
(9, 0, 1, '800', '1374645600', NULL, 1, 1),
(10, 0, 1, '900', '1374645600', NULL, 1, 1),
(11, 0, 1, '1000', '1374645600', NULL, 1, 1),
(12, 0, 1, '1100', '1374645600', NULL, 1, 1),
(13, 0, 1, '1200', '1374645600', NULL, 1, 1),
(14, 0, 1, '1300', '1374645600', NULL, 1, 1),
(15, 0, 1, '1400', '1374645600', NULL, 1, 1),
(16, 0, 1, '1500', '1374645600', NULL, 1, 1),
(17, 0, 1, '1600', '1374645600', NULL, 1, 1),
(18, 9, 1, '1000', '1374559200', NULL, 1, 1),
(19, 7, 1, '1000', '1374559200', NULL, 1, 1),
(20, 9, 1, '1100', '1374559200', NULL, 1, 1),
(21, 7, 1, '1100', '1374559200', NULL, 1, 1),
(22, 9, 1, '1200', '1374559200', NULL, 1, 1),
(23, 7, 1, '1200', '1374559200', NULL, 1, 1),
(24, 9, 1, '1300', '1374559200', NULL, 1, 1),
(25, 7, 1, '1300', '1374559200', NULL, 1, 1),
(26, 9, 1, '1400', '1374559200', NULL, 1, 1),
(27, 7, 1, '1400', '1374559200', NULL, 1, 1),
(28, 1, 1, '800', NULL, 'su', 1, 0),
(29, 1, 1, '900', NULL, 'su', 1, 0),
(30, 1, 1, '1000', NULL, 'su', 1, 0),
(31, 1, 1, '1100', NULL, 'su', 1, 0),
(32, 1, 1, '1200', NULL, 'su', 1, 0),
(33, 1, 1, '1300', NULL, 'su', 1, 0),
(34, 1, 1, '1400', NULL, 'su', 1, 0),
(35, 1, 1, '1500', NULL, 'su', 1, 0),
(36, 1, 1, '1600', NULL, 'su', 1, 0),
(37, 1, 1, '800', NULL, 'mo', 1, 0),
(38, 1, 1, '900', NULL, 'mo', 1, 0),
(39, 1, 1, '1000', NULL, 'mo', 1, 0),
(40, 1, 1, '1100', NULL, 'mo', 1, 0),
(41, 1, 1, '1200', NULL, 'mo', 1, 0),
(42, 1, 1, '1300', NULL, 'mo', 1, 0),
(43, 1, 1, '1400', NULL, 'mo', 1, 0),
(44, 1, 1, '1500', NULL, 'mo', 1, 0),
(45, 1, 1, '1600', NULL, 'mo', 1, 0),
(46, 1, 1, '800', NULL, 'tu', 1, 0),
(47, 1, 1, '900', NULL, 'tu', 1, 0),
(48, 1, 1, '1000', NULL, 'tu', 1, 0),
(49, 1, 1, '1100', NULL, 'tu', 1, 0),
(50, 1, 1, '1200', NULL, 'tu', 1, 0),
(51, 1, 1, '1300', NULL, 'tu', 1, 0),
(52, 1, 1, '1400', NULL, 'tu', 1, 0),
(53, 1, 1, '1500', NULL, 'tu', 1, 0),
(54, 1, 1, '1600', NULL, 'tu', 1, 0),
(55, 1, 1, '800', NULL, 'we', 1, 0),
(56, 1, 1, '900', NULL, 'we', 1, 0),
(57, 1, 1, '1000', NULL, 'we', 1, 0),
(58, 1, 1, '1100', NULL, 'we', 1, 0),
(59, 1, 1, '1200', NULL, 'we', 1, 0),
(60, 1, 1, '1300', NULL, 'we', 1, 0),
(61, 1, 1, '1400', NULL, 'we', 1, 0),
(62, 1, 1, '1500', NULL, 'we', 1, 0),
(63, 1, 1, '1600', NULL, 'we', 1, 0),
(64, 1, 1, '800', NULL, 'th', 1, 0),
(65, 1, 1, '900', NULL, 'th', 1, 0),
(66, 1, 1, '1000', NULL, 'th', 1, 0),
(67, 1, 1, '1100', NULL, 'th', 1, 0),
(68, 1, 1, '1200', NULL, 'th', 1, 0),
(69, 1, 1, '1300', NULL, 'th', 1, 0),
(70, 1, 1, '1400', NULL, 'th', 1, 0),
(71, 1, 1, '1500', NULL, 'th', 1, 0),
(72, 1, 1, '1600', NULL, 'th', 1, 0),
(73, 1, 1, '800', NULL, 'fr', 1, 0),
(74, 1, 1, '900', NULL, 'fr', 1, 0),
(75, 1, 1, '1000', NULL, 'fr', 1, 0),
(76, 1, 1, '1100', NULL, 'fr', 1, 0),
(77, 1, 1, '1200', NULL, 'fr', 1, 0),
(78, 1, 1, '1300', NULL, 'fr', 1, 0),
(79, 1, 1, '1400', NULL, 'fr', 1, 0),
(80, 1, 1, '1500', NULL, 'fr', 1, 0),
(81, 1, 1, '1600', NULL, 'fr', 1, 0),
(82, 1, 1, '800', NULL, 'sa', 1, 0),
(83, 1, 1, '900', NULL, 'sa', 1, 0),
(84, 1, 1, '1000', NULL, 'sa', 1, 0),
(85, 1, 1, '1100', NULL, 'sa', 1, 0),
(86, 1, 1, '1200', NULL, 'sa', 1, 0),
(87, 1, 1, '1300', NULL, 'sa', 1, 0),
(88, 1, 1, '1400', NULL, 'sa', 1, 0),
(89, 1, 1, '1500', NULL, 'sa', 1, 0),
(90, 1, 1, '1600', NULL, 'sa', 1, 0),
(91, 2, 1, '800', NULL, 'tu', 1, 0),
(92, 2, 1, '900', NULL, 'tu', 1, 0),
(93, 2, 1, '1000', NULL, 'tu', 1, 0),
(94, 2, 1, '1100', NULL, 'tu', 1, 0),
(95, 2, 1, '1200', NULL, 'tu', 1, 0),
(96, 2, 1, '1300', NULL, 'tu', 1, 0),
(97, 2, 1, '1400', NULL, 'tu', 1, 0),
(98, 2, 1, '1500', NULL, 'tu', 1, 0),
(99, 2, 1, '1600', NULL, 'tu', 1, 0),
(100, 2, 1, '800', NULL, 'th', 1, 0),
(101, 2, 1, '900', NULL, 'th', 1, 0),
(102, 2, 1, '1000', NULL, 'th', 1, 0),
(103, 2, 1, '1100', NULL, 'th', 1, 0),
(104, 2, 1, '1200', NULL, 'th', 1, 0),
(105, 2, 1, '1300', NULL, 'th', 1, 0),
(106, 2, 1, '1400', NULL, 'th', 1, 0),
(107, 2, 1, '1500', NULL, 'th', 1, 0),
(108, 2, 1, '1600', NULL, 'th', 1, 0),
(109, 5, 1, '1000', NULL, 'su', 1, 0),
(110, 5, 1, '1100', NULL, 'su', 1, 0),
(111, 5, 1, '1200', NULL, 'su', 1, 0),
(112, 5, 1, '1300', NULL, 'su', 1, 0),
(113, 5, 1, '1400', NULL, 'su', 1, 0),
(114, 5, 1, '1000', NULL, 'mo', 1, 0),
(115, 5, 1, '1100', NULL, 'mo', 1, 0),
(116, 5, 1, '1200', NULL, 'mo', 1, 0),
(117, 5, 1, '1300', NULL, 'mo', 1, 0),
(118, 5, 1, '1400', NULL, 'mo', 1, 0),
(119, 5, 1, '1000', NULL, 'tu', 1, 0),
(120, 5, 1, '1100', NULL, 'tu', 1, 0),
(121, 5, 1, '1200', NULL, 'tu', 1, 0),
(122, 5, 1, '1300', NULL, 'tu', 1, 0),
(123, 5, 1, '1400', NULL, 'tu', 1, 0),
(124, 5, 1, '1000', NULL, 'we', 1, 0),
(125, 5, 1, '1100', NULL, 'we', 1, 0),
(126, 5, 1, '1200', NULL, 'we', 1, 0),
(127, 5, 1, '1300', NULL, 'we', 1, 0),
(128, 5, 1, '1400', NULL, 'we', 1, 0),
(129, 5, 1, '1000', NULL, 'th', 1, 0),
(130, 5, 1, '1100', NULL, 'th', 1, 0),
(131, 5, 1, '1200', NULL, 'th', 1, 0),
(132, 5, 1, '1300', NULL, 'th', 1, 0),
(133, 5, 1, '1400', NULL, 'th', 1, 0),
(134, 5, 1, '1000', NULL, 'fr', 1, 0),
(135, 5, 1, '1100', NULL, 'fr', 1, 0),
(136, 5, 1, '1200', NULL, 'fr', 1, 0),
(137, 5, 1, '1300', NULL, 'fr', 1, 0),
(138, 5, 1, '1400', NULL, 'fr', 1, 0),
(139, 5, 1, '1000', NULL, 'sa', 1, 0),
(140, 5, 1, '1100', NULL, 'sa', 1, 0),
(141, 5, 1, '1200', NULL, 'sa', 1, 0),
(142, 5, 1, '1300', NULL, 'sa', 1, 0),
(143, 5, 1, '1400', NULL, 'sa', 1, 0),
(144, 9, 1, '800', NULL, 'mo', 1, 0),
(145, 9, 1, '900', NULL, 'mo', 1, 0),
(146, 9, 1, '1000', NULL, 'mo', 1, 0),
(147, 9, 1, '1100', NULL, 'mo', 1, 0),
(148, 9, 1, '1200', NULL, 'mo', 1, 0),
(149, 1, 2, '800', '1372658400', NULL, 1, 0),
(150, 1, 2, '900', '1372658400', NULL, 1, 0),
(151, 1, 2, '1000', '1372658400', NULL, 1, 0),
(152, 1, 2, '1100', '1372658400', NULL, 1, 0),
(153, 1, 2, '1200', '1372658400', NULL, 1, 0),
(154, 1, 2, '1300', '1372658400', NULL, 1, 0),
(155, 1, 2, '1400', '1372658400', NULL, 1, 0),
(156, 1, 2, '1500', '1372658400', NULL, 1, 0),
(157, 1, 2, '1600', '1372658400', NULL, 1, 0),
(158, 1, 2, '800', '1372744800', NULL, 1, 0),
(159, 1, 2, '900', '1372744800', NULL, 1, 0),
(160, 1, 2, '1000', '1372744800', NULL, 1, 0),
(161, 1, 2, '1100', '1372744800', NULL, 1, 0),
(162, 1, 2, '1200', '1372744800', NULL, 1, 0),
(163, 1, 2, '1300', '1372744800', NULL, 1, 0),
(164, 1, 2, '1400', '1372744800', NULL, 1, 0),
(165, 1, 2, '1500', '1372744800', NULL, 1, 0),
(166, 1, 2, '1600', '1372744800', NULL, 1, 0),
(167, 1, 2, '800', '1372831200', NULL, 1, 0),
(168, 1, 2, '900', '1372831200', NULL, 1, 0),
(169, 1, 2, '1000', '1372831200', NULL, 1, 0),
(170, 1, 2, '1100', '1372831200', NULL, 1, 0),
(171, 1, 2, '1200', '1372831200', NULL, 1, 0),
(172, 1, 2, '1300', '1372831200', NULL, 1, 0),
(173, 1, 2, '1400', '1372831200', NULL, 1, 0),
(174, 1, 2, '1500', '1372831200', NULL, 1, 0),
(175, 1, 2, '1600', '1372831200', NULL, 1, 0),
(176, 1, 2, '800', '1372917600', NULL, 1, 0),
(177, 1, 2, '900', '1372917600', NULL, 1, 0),
(178, 1, 2, '1000', '1372917600', NULL, 1, 0),
(179, 1, 2, '1100', '1372917600', NULL, 1, 0),
(180, 1, 2, '1200', '1372917600', NULL, 1, 0),
(181, 1, 2, '1300', '1372917600', NULL, 1, 0),
(182, 1, 2, '1400', '1372917600', NULL, 1, 0),
(183, 1, 2, '1500', '1372917600', NULL, 1, 0),
(184, 1, 2, '1600', '1372917600', NULL, 1, 0),
(185, 1, 2, '800', '1373004000', NULL, 1, 0),
(186, 1, 2, '900', '1373004000', NULL, 1, 0),
(187, 1, 2, '1000', '1373004000', NULL, 1, 0),
(188, 1, 2, '1100', '1373004000', NULL, 1, 0),
(189, 1, 2, '1200', '1373004000', NULL, 1, 0),
(190, 1, 2, '1300', '1373004000', NULL, 1, 0),
(191, 1, 2, '1400', '1373004000', NULL, 1, 0),
(192, 1, 2, '1500', '1373004000', NULL, 1, 0),
(193, 1, 2, '1600', '1373004000', NULL, 1, 0),
(194, 1, 2, '800', '1373090400', NULL, 1, 0),
(195, 1, 2, '900', '1373090400', NULL, 1, 0),
(196, 1, 2, '1000', '1373090400', NULL, 1, 0),
(197, 1, 2, '1100', '1373090400', NULL, 1, 0),
(198, 1, 2, '1200', '1373090400', NULL, 1, 0),
(199, 1, 2, '1300', '1373090400', NULL, 1, 0),
(200, 1, 2, '1400', '1373090400', NULL, 1, 0),
(201, 1, 2, '1500', '1373090400', NULL, 1, 0),
(202, 1, 2, '1600', '1373090400', NULL, 1, 0),
(203, 1, 2, '800', '1373176800', NULL, 1, 0),
(204, 1, 2, '900', '1373176800', NULL, 1, 0),
(205, 1, 2, '1000', '1373176800', NULL, 1, 0),
(206, 1, 2, '1100', '1373176800', NULL, 1, 0),
(207, 1, 2, '1200', '1373176800', NULL, 1, 0),
(208, 1, 2, '1300', '1373176800', NULL, 1, 0),
(209, 1, 2, '1400', '1373176800', NULL, 1, 0),
(210, 1, 2, '1500', '1373176800', NULL, 1, 0),
(211, 1, 2, '1600', '1373176800', NULL, 1, 0),
(212, 1, 2, '800', '1373263200', NULL, 1, 0),
(213, 1, 2, '900', '1373263200', NULL, 1, 0),
(214, 1, 2, '1000', '1373263200', NULL, 1, 0),
(215, 1, 2, '1100', '1373263200', NULL, 1, 0),
(216, 1, 2, '1200', '1373263200', NULL, 1, 0),
(217, 1, 2, '1300', '1373263200', NULL, 1, 0),
(218, 1, 2, '1400', '1373263200', NULL, 1, 0),
(219, 1, 2, '1500', '1373263200', NULL, 1, 0),
(220, 1, 2, '1600', '1373263200', NULL, 1, 0),
(221, 1, 2, '800', '1373349600', NULL, 1, 0),
(222, 1, 2, '900', '1373349600', NULL, 1, 0),
(223, 1, 2, '1000', '1373349600', NULL, 1, 0),
(224, 1, 2, '1100', '1373349600', NULL, 1, 0),
(225, 1, 2, '1200', '1373349600', NULL, 1, 0),
(226, 1, 2, '1300', '1373349600', NULL, 1, 0),
(227, 1, 2, '1400', '1373349600', NULL, 1, 0),
(228, 1, 2, '1500', '1373349600', NULL, 1, 0),
(229, 1, 2, '1600', '1373349600', NULL, 1, 0),
(230, 1, 2, '800', '1373436000', NULL, 1, 0),
(231, 1, 2, '900', '1373436000', NULL, 1, 0),
(232, 1, 2, '1000', '1373436000', NULL, 1, 0),
(233, 1, 2, '1100', '1373436000', NULL, 1, 0),
(234, 1, 2, '1200', '1373436000', NULL, 1, 0),
(235, 1, 2, '1300', '1373436000', NULL, 1, 0),
(236, 1, 2, '1400', '1373436000', NULL, 1, 0),
(237, 1, 2, '1500', '1373436000', NULL, 1, 0),
(238, 1, 2, '1600', '1373436000', NULL, 1, 0),
(239, 1, 2, '800', '1373522400', NULL, 1, 0),
(240, 1, 2, '900', '1373522400', NULL, 1, 0),
(241, 1, 2, '1000', '1373522400', NULL, 1, 0),
(242, 1, 2, '1100', '1373522400', NULL, 1, 0),
(243, 1, 2, '1200', '1373522400', NULL, 1, 0),
(244, 1, 2, '1300', '1373522400', NULL, 1, 0),
(245, 1, 2, '1400', '1373522400', NULL, 1, 0),
(246, 1, 2, '1500', '1373522400', NULL, 1, 0),
(247, 1, 2, '1600', '1373522400', NULL, 1, 0),
(248, 1, 2, '800', '1373608800', NULL, 1, 0),
(249, 1, 2, '900', '1373608800', NULL, 1, 0),
(250, 1, 2, '1000', '1373608800', NULL, 1, 0),
(251, 1, 2, '1100', '1373608800', NULL, 1, 0),
(252, 1, 2, '1200', '1373608800', NULL, 1, 0),
(253, 1, 2, '1300', '1373608800', NULL, 1, 0),
(254, 1, 2, '1400', '1373608800', NULL, 1, 0),
(255, 1, 2, '1500', '1373608800', NULL, 1, 0),
(256, 1, 2, '1600', '1373608800', NULL, 1, 0),
(257, 1, 2, '800', '1373695200', NULL, 1, 0),
(258, 1, 2, '900', '1373695200', NULL, 1, 0),
(259, 1, 2, '1000', '1373695200', NULL, 1, 0),
(260, 1, 2, '1100', '1373695200', NULL, 1, 0),
(261, 1, 2, '1200', '1373695200', NULL, 1, 0),
(262, 1, 2, '1300', '1373695200', NULL, 1, 0),
(263, 1, 2, '1400', '1373695200', NULL, 1, 0),
(264, 1, 2, '1500', '1373695200', NULL, 1, 0),
(265, 1, 2, '1600', '1373695200', NULL, 1, 0),
(266, 1, 2, '800', '1373781600', NULL, 1, 0),
(267, 1, 2, '900', '1373781600', NULL, 1, 0),
(268, 1, 2, '1000', '1373781600', NULL, 1, 0),
(269, 1, 2, '1100', '1373781600', NULL, 1, 0),
(270, 1, 2, '1200', '1373781600', NULL, 1, 0),
(271, 1, 2, '1300', '1373781600', NULL, 1, 0),
(272, 1, 2, '1400', '1373781600', NULL, 1, 0),
(273, 1, 2, '1500', '1373781600', NULL, 1, 0),
(274, 1, 2, '1600', '1373781600', NULL, 1, 0),
(275, 1, 2, '800', '1373868000', NULL, 1, 0),
(276, 1, 2, '900', '1373868000', NULL, 1, 0),
(277, 1, 2, '1000', '1373868000', NULL, 1, 0),
(278, 1, 2, '1100', '1373868000', NULL, 1, 0),
(279, 1, 2, '1200', '1373868000', NULL, 1, 0),
(280, 1, 2, '1300', '1373868000', NULL, 1, 0),
(281, 1, 2, '1400', '1373868000', NULL, 1, 0),
(282, 1, 2, '1500', '1373868000', NULL, 1, 0),
(283, 1, 2, '1600', '1373868000', NULL, 1, 0),
(284, 1, 2, '800', '1373954400', NULL, 1, 0),
(285, 1, 2, '900', '1373954400', NULL, 1, 0),
(286, 1, 2, '1000', '1373954400', NULL, 1, 0),
(287, 1, 2, '1100', '1373954400', NULL, 1, 0),
(288, 1, 2, '1200', '1373954400', NULL, 1, 0),
(289, 1, 2, '1300', '1373954400', NULL, 1, 0),
(290, 1, 2, '1400', '1373954400', NULL, 1, 0),
(291, 1, 2, '1500', '1373954400', NULL, 1, 0),
(292, 1, 2, '1600', '1373954400', NULL, 1, 0),
(293, 1, 2, '800', '1374040800', NULL, 1, 0),
(294, 1, 2, '900', '1374040800', NULL, 1, 0),
(295, 1, 2, '1000', '1374040800', NULL, 1, 0),
(296, 1, 2, '1100', '1374040800', NULL, 1, 0),
(297, 1, 2, '1200', '1374040800', NULL, 1, 0),
(298, 1, 2, '1300', '1374040800', NULL, 1, 0),
(299, 1, 2, '1400', '1374040800', NULL, 1, 0),
(300, 1, 2, '1500', '1374040800', NULL, 1, 0),
(301, 1, 2, '1600', '1374040800', NULL, 1, 0),
(302, 1, 2, '800', '1374127200', NULL, 1, 0),
(303, 1, 2, '900', '1374127200', NULL, 1, 0),
(304, 1, 2, '1000', '1374127200', NULL, 1, 0),
(305, 1, 2, '1100', '1374127200', NULL, 1, 0),
(306, 1, 2, '1200', '1374127200', NULL, 1, 0),
(307, 1, 2, '1300', '1374127200', NULL, 1, 0),
(308, 1, 2, '1400', '1374127200', NULL, 1, 0),
(309, 1, 2, '1500', '1374127200', NULL, 1, 0),
(310, 1, 2, '1600', '1374127200', NULL, 1, 0),
(311, 1, 2, '800', '1374213600', NULL, 1, 0),
(312, 1, 2, '900', '1374213600', NULL, 1, 0),
(313, 1, 2, '1000', '1374213600', NULL, 1, 0),
(314, 1, 2, '1100', '1374213600', NULL, 1, 0),
(315, 1, 2, '1200', '1374213600', NULL, 1, 0),
(316, 1, 2, '1300', '1374213600', NULL, 1, 0),
(317, 1, 2, '1400', '1374213600', NULL, 1, 0),
(318, 1, 2, '1500', '1374213600', NULL, 1, 0),
(319, 1, 2, '1600', '1374213600', NULL, 1, 0),
(320, 1, 2, '800', '1374300000', NULL, 1, 0),
(321, 1, 2, '900', '1374300000', NULL, 1, 0),
(322, 1, 2, '1000', '1374300000', NULL, 1, 0),
(323, 1, 2, '1100', '1374300000', NULL, 1, 0),
(324, 1, 2, '1200', '1374300000', NULL, 1, 0),
(325, 1, 2, '1300', '1374300000', NULL, 1, 0),
(326, 1, 2, '1400', '1374300000', NULL, 1, 0),
(327, 1, 2, '1500', '1374300000', NULL, 1, 0),
(328, 1, 2, '1600', '1374300000', NULL, 1, 0),
(329, 1, 2, '800', '1374386400', NULL, 1, 0),
(330, 1, 2, '900', '1374386400', NULL, 1, 0),
(331, 1, 2, '1000', '1374386400', NULL, 1, 0),
(332, 1, 2, '1100', '1374386400', NULL, 1, 0),
(333, 1, 2, '1200', '1374386400', NULL, 1, 0),
(334, 1, 2, '1300', '1374386400', NULL, 1, 0),
(335, 1, 2, '1400', '1374386400', NULL, 1, 0),
(336, 1, 2, '1500', '1374386400', NULL, 1, 0),
(337, 1, 2, '1600', '1374386400', NULL, 1, 0),
(338, 1, 2, '800', '1374472800', NULL, 1, 0),
(339, 1, 2, '900', '1374472800', NULL, 1, 0),
(340, 1, 2, '1000', '1374472800', NULL, 1, 0),
(341, 1, 2, '1100', '1374472800', NULL, 1, 0),
(342, 1, 2, '1200', '1374472800', NULL, 1, 0),
(343, 1, 2, '1300', '1374472800', NULL, 1, 0),
(344, 1, 2, '1400', '1374472800', NULL, 1, 0),
(345, 1, 2, '1500', '1374472800', NULL, 1, 0),
(346, 1, 2, '1600', '1374472800', NULL, 1, 0),
(347, 1, 2, '800', '1374559200', NULL, 1, 0),
(348, 1, 2, '900', '1374559200', NULL, 1, 0),
(349, 1, 2, '1000', '1374559200', NULL, 1, 0),
(350, 1, 2, '1100', '1374559200', NULL, 1, 0),
(351, 1, 2, '1200', '1374559200', NULL, 1, 0),
(352, 1, 2, '1300', '1374559200', NULL, 1, 0),
(353, 1, 2, '1400', '1374559200', NULL, 1, 0),
(354, 1, 2, '1500', '1374559200', NULL, 1, 0),
(355, 1, 2, '1600', '1374559200', NULL, 1, 0),
(356, 1, 2, '800', '1374645600', NULL, 1, 0),
(357, 1, 2, '900', '1374645600', NULL, 1, 0),
(358, 1, 2, '1000', '1374645600', NULL, 1, 0),
(359, 1, 2, '1100', '1374645600', NULL, 1, 0),
(360, 1, 2, '1200', '1374645600', NULL, 1, 0),
(361, 1, 2, '1300', '1374645600', NULL, 1, 0),
(362, 1, 2, '1400', '1374645600', NULL, 1, 0),
(363, 1, 2, '1500', '1374645600', NULL, 1, 0),
(364, 1, 2, '1600', '1374645600', NULL, 1, 0),
(365, 1, 2, '800', '1374732000', NULL, 1, 0),
(366, 1, 2, '900', '1374732000', NULL, 1, 0),
(367, 1, 2, '1000', '1374732000', NULL, 1, 0),
(368, 1, 2, '1100', '1374732000', NULL, 1, 0),
(369, 1, 2, '1200', '1374732000', NULL, 1, 0),
(370, 1, 2, '1300', '1374732000', NULL, 1, 0),
(371, 1, 2, '1400', '1374732000', NULL, 1, 0),
(372, 1, 2, '1500', '1374732000', NULL, 1, 0),
(373, 1, 2, '1600', '1374732000', NULL, 1, 0),
(374, 1, 2, '800', '1374818400', NULL, 1, 0),
(375, 1, 2, '900', '1374818400', NULL, 1, 0),
(376, 1, 2, '1000', '1374818400', NULL, 1, 0),
(377, 1, 2, '1100', '1374818400', NULL, 1, 0),
(378, 1, 2, '1200', '1374818400', NULL, 1, 0),
(379, 1, 2, '1300', '1374818400', NULL, 1, 0),
(380, 1, 2, '1400', '1374818400', NULL, 1, 0),
(381, 1, 2, '1500', '1374818400', NULL, 1, 0),
(382, 1, 2, '1600', '1374818400', NULL, 1, 0),
(383, 1, 2, '800', '1374904800', NULL, 1, 0),
(384, 1, 2, '900', '1374904800', NULL, 1, 0),
(385, 1, 2, '1000', '1374904800', NULL, 1, 0),
(386, 1, 2, '1100', '1374904800', NULL, 1, 0),
(387, 1, 2, '1200', '1374904800', NULL, 1, 0),
(388, 1, 2, '1300', '1374904800', NULL, 1, 0),
(389, 1, 2, '1400', '1374904800', NULL, 1, 0),
(390, 1, 2, '1500', '1374904800', NULL, 1, 0),
(391, 1, 2, '1600', '1374904800', NULL, 1, 0),
(392, 1, 2, '800', '1374991200', NULL, 1, 0),
(393, 1, 2, '900', '1374991200', NULL, 1, 0),
(394, 1, 2, '1000', '1374991200', NULL, 1, 0),
(395, 1, 2, '1100', '1374991200', NULL, 1, 0),
(396, 1, 2, '1200', '1374991200', NULL, 1, 0),
(397, 1, 2, '1300', '1374991200', NULL, 1, 0),
(398, 1, 2, '1400', '1374991200', NULL, 1, 0),
(399, 1, 2, '1500', '1374991200', NULL, 1, 0),
(400, 1, 2, '1600', '1374991200', NULL, 1, 0),
(401, 1, 2, '800', '1375077600', NULL, 1, 0),
(402, 1, 2, '900', '1375077600', NULL, 1, 0),
(403, 1, 2, '1000', '1375077600', NULL, 1, 0),
(404, 1, 2, '1100', '1375077600', NULL, 1, 0),
(405, 1, 2, '1200', '1375077600', NULL, 1, 0),
(406, 1, 2, '1300', '1375077600', NULL, 1, 0),
(407, 1, 2, '1400', '1375077600', NULL, 1, 0),
(408, 1, 2, '1500', '1375077600', NULL, 1, 0),
(409, 1, 2, '1600', '1375077600', NULL, 1, 0),
(410, 0, 1, '800', '1374559200', NULL, 1, 1),
(411, 0, 1, '900', '1374559200', NULL, 1, 1),
(412, 0, 1, '1500', '1374559200', NULL, 1, 1),
(413, 0, 1, '1600', '1374559200', NULL, 1, 1);

-- --------------------------------------------------------

--
-- Table structure for table `hourexception`
--

DROP TABLE IF EXISTS `hourexception`;
CREATE TABLE IF NOT EXISTS `hourexception` (
  `id` int(11) NOT NULL AUTO_INCREMENT,
  `sessionId` int(11) NOT NULL,
  `time` varchar(255) NOT NULL,
  PRIMARY KEY (`id`)
) ENGINE=InnoDB  DEFAULT CHARSET=latin1 AUTO_INCREMENT=6 ;

--
-- Dumping data for table `hourexception`
--

INSERT INTO `hourexception` (`id`, `sessionId`, `time`) VALUES
(1, 1, '0'),
(2, 1, '0'),
(3, 1, '0'),
(4, 1, '0'),
(5, 1, '0');

-- --------------------------------------------------------

--
-- Table structure for table `role`
--

DROP TABLE IF EXISTS `role`;
CREATE TABLE IF NOT EXISTS `role` (
  `id` smallint(6) NOT NULL AUTO_INCREMENT,
  `roleName` varchar(64) NOT NULL,
  `roleDescription` varchar(256) NOT NULL,
  PRIMARY KEY (`id`)
) ENGINE=MyISAM  DEFAULT CHARSET=utf8 AUTO_INCREMENT=7 ;

--
-- Dumping data for table `role`
--

INSERT INTO `role` (`id`, `roleName`, `roleDescription`) VALUES
(1, 'CANLOGIN', 'User can log into the scheduler'),
(2, 'HASSCHEDULE', 'User has a unique schedule'),
(3, 'ISSUPER', 'User is a super user and can control sensitive aspects of scheduler'),
(4, 'CANCHANGEUSERS', 'User can add, remove and change users'),
(5, 'CANCHANGESESSIONS', 'User can add, remove and change sessions'),
(6, 'DEBUGGER', 'User is saturated with debugging information');

-- --------------------------------------------------------

--
-- Table structure for table `session`
--

DROP TABLE IF EXISTS `session`;
CREATE TABLE IF NOT EXISTS `session` (
  `id` mediumint(9) NOT NULL AUTO_INCREMENT,
  `title` varchar(128) NOT NULL,
  `scheduleType` char(1) NOT NULL,
  `startDate` varchar(30) NOT NULL,
  `endDate` varchar(30) NOT NULL,
  `startTime` varchar(30) NOT NULL,
  `endTime` varchar(30) NOT NULL,
  `timeIncrementAmount` varchar(10) NOT NULL,
  `isActive` tinyint(1) NOT NULL,
  `isPrimary` tinyint(1) NOT NULL,
  `isLocked` tinyint(1) NOT NULL,
  `groupId` smallint(6) NOT NULL,
  PRIMARY KEY (`id`)
) ENGINE=MyISAM  DEFAULT CHARSET=utf8 AUTO_INCREMENT=4 ;

--
-- Dumping data for table `session`
--

INSERT INTO `session` (`id`, `title`, `scheduleType`, `startDate`, `endDate`, `startTime`, `endTime`, `timeIncrementAmount`, `isActive`, `isPrimary`, `isLocked`, `groupId`) VALUES
(1, 'Test Session Spring 2013', 'r', '1367388000', '1375336800', '800', '1700', '1', 1, 1, 0, 1),
(2, 'Test Session Spring 2013 NR', 's', '1372658400', '1375164000', '800', '1700', '1', 1, 0, 0, 1),
(3, 'Cowbell Session Spring 2013 NR', 'r', '1367388000', '1375336800', '800', '1700', '1', 1, 0, 0, 2);

-- --------------------------------------------------------

--
-- Table structure for table `shifts`
--

DROP TABLE IF EXISTS `shifts`;
CREATE TABLE IF NOT EXISTS `shifts` (
  `id` int(11) NOT NULL AUTO_INCREMENT,
  `hourId` int(11) NOT NULL,
  `status` bigint(1) NOT NULL,
  `coveredUserId` mediumint(9) NOT NULL,
  `chainedShiftsId` mediumint(9) NOT NULL,
  PRIMARY KEY (`id`)
) ENGINE=MyISAM DEFAULT CHARSET=utf8 AUTO_INCREMENT=1 ;

-- --------------------------------------------------------

--
-- Table structure for table `user`
--

DROP TABLE IF EXISTS `user`;
CREATE TABLE IF NOT EXISTS `user` (
  `id` mediumint(9) NOT NULL AUTO_INCREMENT,
  `firstName` varchar(100) NOT NULL,
  `lastName` varchar(100) NOT NULL,
  `ucid` varchar(8) NOT NULL,
  `itUsername` varchar(50) NOT NULL,
  PRIMARY KEY (`id`)
) ENGINE=MyISAM  DEFAULT CHARSET=utf8 AUTO_INCREMENT=10 ;

--
-- Dumping data for table `user`
--

INSERT INTO `user` (`id`, `firstName`, `lastName`, `ucid`, `itUsername`) VALUES
(1, 'Abraham', 'Lincoln', '00100201', 'alincoln'),
(2, 'Gerald', 'Ford', '00100202', 'gford'),
(3, 'George', 'Washington', '00100203', 'gwashing'),
(4, 'Ulysses S', 'Grant', '00100204', 'usgrant'),
(5, 'Ronald', 'Reagan', '00100205', 'rreagan'),
(6, 'Harry', 'Truman', '00100206', 'htruman'),
(7, 'Richard', 'Nixon', '00100207', 'rnixon'),
(8, 'Franklin Delano', 'Roosevelt', '00100208', 'fdroosev'),
(9, 'Sean', 'Feil', '00282497', 'sfeil');

-- --------------------------------------------------------

--
-- Table structure for table `usergroup`
--

DROP TABLE IF EXISTS `usergroup`;
CREATE TABLE IF NOT EXISTS `usergroup` (
  `id` int(11) NOT NULL AUTO_INCREMENT,
  `userId` mediumint(9) NOT NULL,
  `groupId` smallint(6) NOT NULL,
  `isPrimary` tinyint(1) NOT NULL,
  PRIMARY KEY (`id`)
) ENGINE=MyISAM  DEFAULT CHARSET=utf8 AUTO_INCREMENT=11 ;

--
-- Dumping data for table `usergroup`
--

INSERT INTO `usergroup` (`id`, `userId`, `groupId`, `isPrimary`) VALUES
(1, 1, 1, 1),
(2, 2, 1, 1),
(3, 3, 1, 1),
(4, 4, 1, 1),
(5, 5, 1, 1),
(6, 6, 1, 1),
(7, 7, 1, 1),
(8, 8, 1, 1),
(9, 9, 1, 1),
(10, 9, 2, 0);

-- --------------------------------------------------------

--
-- Table structure for table `userrole`
--

DROP TABLE IF EXISTS `userrole`;
CREATE TABLE IF NOT EXISTS `userrole` (
  `id` mediumint(9) NOT NULL AUTO_INCREMENT,
  `userId` mediumint(9) NOT NULL,
  `roleId` smallint(6) NOT NULL,
  `groupId` int(6) NOT NULL,
  PRIMARY KEY (`id`)
) ENGINE=MyISAM  DEFAULT CHARSET=utf8 AUTO_INCREMENT=9 ;

--
-- Dumping data for table `userrole`
--

INSERT INTO `userrole` (`id`, `userId`, `roleId`, `groupId`) VALUES
(1, 9, 1, 1),
(2, 9, 2, 1),
(3, 9, 3, 1),
(4, 9, 4, 1),
(5, 9, 5, 1),
(6, 9, 6, 1),
(7, 9, 1, 2),
(8, 9, 6, 2);

/*!40101 SET CHARACTER_SET_CLIENT=@OLD_CHARACTER_SET_CLIENT */;
/*!40101 SET CHARACTER_SET_RESULTS=@OLD_CHARACTER_SET_RESULTS */;
/*!40101 SET COLLATION_CONNECTION=@OLD_COLLATION_CONNECTION */;
